filename,sol_id,sol_title,sol_doi,sol_status
24305_24128.pdf,24305,Análise de Desempenho de Plataformas de Processamento de Grafos,10.5753/sbbd.2016.24305,200
24306_24129.pdf,24306,Concepção e Desenvolvimento de um Serviço Distribuído de Coleta e Tratamento de Dados para Ambientes de Internet das Coisas,10.5753/sbbd.2016.24306,200
24307_24130.pdf,24307,Detecção semi-supervisionada de posicionamento em tweets baseada em regras de sentimento,10.5753/sbbd.2016.24307,200
24308_24131.pdf,24308,Geração de um Perfil de Qualidade para Fontes de Dados Dinâmicas,10.5753/sbbd.2016.24308,200
24309_24132.pdf,24309,gSSJoin: a GPU-based Set Similarity Join Algorithm,10.5753/sbbd.2016.24309,200
24310_24133.pdf,24310,Identifying Sentiment-Based Contradictions,10.5753/sbbd.2016.24310,200
24311_24134.pdf,24311,Um Repositório Chave-Valor com Controle de Localidade,10.5753/sbbd.2016.24311,200
24312_24135.pdf,24312,Análise da Contribuição para Código entre Repositórios do GitHub,10.5753/sbbd.2016.24312,200
24313_24136.pdf,24313,Análise de métodos de Inferência Ecológica em dados de redes sociais,10.5753/sbbd.2016.24313,200
24314_24137.pdf,24314,Automatic Physical Design Tuning based on Hypothetical Plans,10.5753/sbbd.2016.24314,200
24315_24138.pdf,24315,Avaliação Empírica de Técnicas de Comparação Privada Aplicadas na Resolução de Entidades,10.5753/sbbd.2016.24315,200
24316_24139.pdf,24316,"BERT: Melhorando Classificação de Texto com Árvores Extremamente Aleatórias, Bagging e Boosting",10.5753/sbbd.2016.24316,200
24317_24140.pdf,24317,Busca por Similaridade no CassandraDB,10.5753/sbbd.2016.24317,200
24318_24141.pdf,24318,Combinando semi-supervisão e hubness para aprimorar o agrupamento de dados em alta dimensão,10.5753/sbbd.2016.24318,200
24319_24142.pdf,24319,Construção de Linked Data Mashup para Integração de Dados da Saúde Pública,10.5753/sbbd.2016.24319,200
24320_24143.pdf,24320,Dinâmica de Temas Abordados no Twitter Via Evolução de Clusters,10.5753/sbbd.2016.24320,200
24321_24144.pdf,24321,Equivalência entre a Área sob a Curva Kolmogorov-Smirnov e o Índice de Gini na Avaliação de Desempenho de Decisões Binárias,10.5753/sbbd.2016.24321,200
24322_24145.pdf,24322,Explorando o Uso de Short-term Memory na Construção de Métodos de Acesso Métricos Mais Eficientes,10.5753/sbbd.2016.24322,200
24323_24146.pdf,24323,Fast and Scalable Relational Division on Database Systems,10.5753/sbbd.2016.24323,200
24324_24147.pdf,24324,Features Fusion for Diversity Gap Reduction,10.5753/sbbd.2016.24324,200
24325_24148.pdf,24325,Gerência de Incerteza em Bancos de Dados de Proveniência de Workflows de Bioinformática,10.5753/sbbd.2016.24325,200
24326_24149.pdf,24326,Hardware-aware Database Systems: A New Era for Database Technology is Coming - Vision Paper,10.5753/sbbd.2016.24326,200
24327_24150.pdf,24327,Impacto da amostragem aleatória uniforme para o aumento da escalabilidade na geração de agrupamentos hierárquicos de séries espaço-temporais,10.5753/sbbd.2016.24327,200
24328_24151.pdf,24328,Interoperabilidade Semântica entre Sistemas de Resposta à Emergências,10.5753/sbbd.2016.24328,200
24329_24152.pdf,24329,Interoperability of Conceptual Geographical Data Schemas using UML Infrastructure,10.5753/sbbd.2016.24329,200
24330_24153.pdf,24330,Medindo o tamanho da caixinha de surpresas em ligas de futebol,10.5753/sbbd.2016.24330,200
24331_24154.pdf,24331,Passenger density and flow analysis and city zones and bus stops classification for public bus service management,10.5753/sbbd.2016.24331,200
24332_24155.pdf,24332,Recomendação de reviews personalizada para donos de estabelecimentos,10.5753/sbbd.2016.24332,200
24333_24156.pdf,24333,S2I+: Armazenamento Eficiente em Índice Espaço-Textual,10.5753/sbbd.2016.24333,200
24334_24157.pdf,24334,SelfBI: Tomada de decisão sob demanda do usuário utilizando dados da Web,10.5753/sbbd.2016.24334,200
24335_24158.pdf,24335,Spatial Sequential Pattern Mining for Seismic Data,10.5753/sbbd.2016.24335,200
24336_24159.pdf,24336,The Strength of Social Coding Collaboration on GitHub,10.5753/sbbd.2016.24336,200
24337_24160.pdf,24337,Treinamento Supervisionado para Previsão de Partidas de Futebol: Uma Abordagem usando Dados de Videogames,10.5753/sbbd.2016.24337,200
24338_24161.pdf,24338,Uma Estratégia para Seleção de Atributos Relevantes no Processo de Resolução de Entidades,10.5753/sbbd.2016.24338,200
24339_24162.pdf,24339,Use of graphs and taxonomic classifications to analyze content relationships among courseware,10.5753/sbbd.2016.24339,200
24340_24163.pdf,24340,Uso de Anotações Semânticas para Exploração de Paralelismo em Workflows Intensivos em Dados,10.5753/sbbd.2016.24340,200
34114_33905.pdf,34114,Introduction and Organizing Committee,,200
24271_24094.pdf,24271,A Framework for Online Clustering Based on Evolving Semi-Supervision,10.5753/sbbd.2017.171369,200
24272_24095.pdf,24272,A Spline-based Cost Model for Metric Trees,10.5753/sbbd.2017.171404,200
24273_24096.pdf,24273,Analyzing the Performance of Spatial Indices on Flash Memories using a Flash Simulator,10.5753/sbbd.2017.171434,200
24274_24097.pdf,24274,Explorando arquiteturas multi-core para processamento eficiente de consultas em sistemas de gerência de Big Data,10.5753/sbbd.2017.171397,200
24275_24098.pdf,24275,Extração de dados de conferências a partir da Web,10.5753/sbbd.2017.171356,200
24276_24099.pdf,24276,Identificação do grafo de genealogia acadêmica de pesquisadores: Uma abordagem baseada na Plataforma Lattes,10.5753/sbbd.2017.171363,200
24277_24100.pdf,24277,Ligações Semânticas Utilizando Predicados SKOS,10.5753/sbbd.2017.170799,200
24278_24101.pdf,24278,ParallelNACluster: Uma estratégia paralela de clusterização para o casamento de múltiplos catálogos,10.5753/sbbd.2017.171359,200
24279_24102.pdf,24279,Particionamento como Ação de Sintonia Fina em Bancos de Dados Relacionais,10.5753/sbbd.2017.171414,200
24280_24103.pdf,24280,Relational graph data management on the edge: Grouping vertices’ neighborhood with Edge-k,10.5753/sbbd.2017.171357,200
24281_24104.pdf,24281,STACY: Um Novo Algoritmo para Automaticamente Classificar a Força dos Relacionamentos ao Longo dos Anos,10.5753/sbbd.2017.171411,200
24282_24105.pdf,24282,Um Survey sobre Soluções para Publicação de Dados na Web sob a Perspectiva das Boas Práticas do W3C,10.5753/sbbd.2017.171428,200
24283_24106.pdf,24283,Uma Avaliação de Eficiência e Eficácia da Combinação de Técnicas para Deduplicação de Dados,10.5753/sbbd.2017.170764,200
24284_24107.pdf,24284,Uma Proposta de Perfil de Conjuntos de Dados na Web com Enriquecimento Semântico,10.5753/sbbd.2017.171425,200
24285_24108.pdf,24285,Workload-Aware RDF Partitioning and SPARQL Query Caching for Massive RDF Graphs stored in NoSQL Databases,10.5753/sbbd.2017.170758,200
24286_24109.pdf,24286,A Força dos Relacionamentos Pode Medir a Qualidade de Comunidades?,10.5753/sbbd.2017.174600,200
24287_24110.pdf,24287,A Predictive Load Balancing Service for Cloud-Replicated Databases,10.5753/sbbd.2017.174094,200
24288_24111.pdf,24288,Análise da Formação e Evolução de Times de Desenvolvimento no Hibernate-ORM,10.5753/sbbd.2017.174646,200
24289_24112.pdf,24289,Análise de Dados Científicos: uma Análise Comparativa de Dados de Simulações Computacionais,10.5753/sbbd.2017.174142,200
24290_24113.pdf,24290,Análise do Impacto do Gerador de Conjuntos de Dados em Experimentos de Deduplicação de Dados,10.5753/sbbd.2017.174019,200
24291_24114.pdf,24291,Aspectos Temporais para Medir a Força da Colaboração no GitHub,10.5753/sbbd.2017.174084,200
24292_24115.pdf,24292,Detecção de Anomalias no Transporte Rodoviário Urbano,10.5753/sbbd.2017.174074,200
24293_24116.pdf,24293,Don’t Keep My UDFs Hostage - Exporting UDFs For Debugging Purposes,10.5753/sbbd.2017.174636,200
24294_24117.pdf,24294,Empirical Evaluation of Strategies to Process Range Queries of Numeric Sequences in Batch-mode,10.5753/sbbd.2017.174232,200
24295_24118.pdf,24295,Estratégia Distribuída para Análise de Assuntos Abordados no Twitter Via Evolução de Clusters,10.5753/sbbd.2017.175059,200
24296_24119.pdf,24296,Mineração de Perfis Sociais em Redes Temporais,10.5753/sbbd.2017.174665,200
24297_24120.pdf,24297,Mineração de Regras de Associação Multirrelação em Grafos: Direcionando o Processo de Busca,10.5753/sbbd.2017.174664,200
24298_24121.pdf,24298,Online Performance Modeling for NoSQL Databases using Extreme Learning Machines,10.5753/sbbd.2017.174648,200
24299_24122.pdf,24299,Redes Sociais Científicas: análise topológica da influência dos pesquisadores,10.5753/sbbd.2017.166519,200
24300_24123.pdf,24300,Spark Scalability Analysis in a Scientific Workflow,10.5753/sbbd.2017.174092,200
24301_24124.pdf,24301,Spatial Join on Positional Uncertain Data,10.5753/sbbd.2017.171406,200
24302_24125.pdf,24302,Uma Abordagem para Processamento Distribuído de Junção por Similaridade sobre Múltiplos Atributos,10.5753/sbbd.2017.174658,200
24303_24126.pdf,24303,Uma Análise Comparativa entre Sistemas Gerenciadores de Bancos de Dados NoSQL no contexto de Internet das Coisas,10.5753/sbbd.2017.174670,200
24304_24127.pdf,24304,Uso de instâncias de dados e carga de trabalho para mineração de restrições de integridade,10.5753/sbbd.2017.174079,200
34115_33906.pdf,34115,Introduction and Organizing Committee,,200
22214_22038.pdf,22214,WANQA: uma Abordagem para Identificar Novas Questões Não Respondíveis em Comunidades de Perguntas e Respostas,10.5753/sbbd.2018.22214,200
22215_22039.pdf,22215,SmartLTM: Smart Larger-Than-Memory Storage for Hybrid Database Systems,10.5753/sbbd.2018.22215,200
22216_22040.pdf,22216,Armazenamento Otimizado de Dados RDF em um SGBD Relacional,10.5753/sbbd.2018.22216,200
22217_22041.pdf,22217,REALM: um Framework Computacional para Investigar os Impactos de Pesquisas Através de Métricas Alternativas,10.5753/sbbd.2018.22217,200
22218_22042.pdf,22218,Meta-alinhamento de ontologias utilizando a abordagem presa-predador,10.5753/sbbd.2018.22218,200
22219_22043.pdf,22219,Melhorias no Processo de Blocagem para Resolução de Entidades Baseadas na Relevância dos Termos,10.5753/sbbd.2018.22219,200
22220_22044.pdf,22220,Finding Top-k Sequences over Data Streams according to Temporal Conditional Preferences,10.5753/sbbd.2018.22220,200
22221_22045.pdf,22221,Constellation Queries over Big Data,10.5753/sbbd.2018.22221,200
22222_22046.pdf,22222,Emotion analysis of reaction to Terrorism on Twitter,10.5753/sbbd.2018.22222,200
22223_22047.pdf,22223,PrivLBS: uma Abordagem para Preservação de Privacidade de Dados em Serviços baseados em Localização,10.5753/sbbd.2018.22223,200
22224_22048.pdf,22224,Correlating educational documents from different sources through graphs and taxonomies,10.5753/sbbd.2018.22224,200
22225_22049.pdf,22225,Caracterização e Comparação das Campanhas do Outubro Rosa e Novembro Azul no Twitter,10.5753/sbbd.2018.22225,200
22226_22050.pdf,22226,Análise de colaboração em desenvolvimento global de software,10.5753/sbbd.2018.22226,200
22227_22051.pdf,22227,Caracterização topológica de redes viárias por meio da análise de vetores de características e técnicas de agrupamento,10.5753/sbbd.2018.22227,200
22228_22052.pdf,22228,Workload-aware Parameter Selection and Performance Prediction for In-memory Databases,10.5753/sbbd.2018.22228,200
22229_22053.pdf,22229,Database Tuning with Partial Indexes,10.5753/sbbd.2018.22229,200
22230_22054.pdf,22230,FLEXMVCC: Uma abordagem flexível para protocolos de controle de concorrência multi-versão,10.5753/sbbd.2018.22230,200
22231_22055.pdf,22231,Rumo à Integração da Álgebra de Workflows com o Processamento de Consulta Relacional,10.5753/sbbd.2018.22231,200
22232_22056.pdf,22232,FReeP: towards parameter recommendation in scientific workflows using preference learning,10.5753/sbbd.2018.22232,200
22233_22057.pdf,22233,Time Series Forecasting for Purposes of Irrigation Management Process,10.5753/sbbd.2018.22233,200
22234_22058.pdf,22234,Uma Abordagem para Caracterização de documentos RDF através de Esquemas Conceituais,10.5753/sbbd.2018.22234,200
22235_22059.pdf,22235,Pytology: Rumo ao Cálculo de Relevância sobre dados RDF,10.5753/sbbd.2018.22235,200
22236_22060.pdf,22236,Processamento de Consultas SPARQL em uma Base Relacional de Entidades,10.5753/sbbd.2018.22236,200
22237_22061.pdf,22237,GovDadosMB: um Framework de Governança de Dados Corporativos para a Marinha do Brasil,10.5753/sbbd.2018.22237,200
22238_22062.pdf,22238,LinkedECG: uma Abordagem para a Integração e Publicação de Dados de Eletrocardiograma,10.5753/sbbd.2018.22238,200
22239_22063.pdf,22239,Investigando a Relação das Refatorações de Código com os Sentimentos de Mensagens de Commit,10.5753/sbbd.2018.22239,200
22240_22064.pdf,22240,Apoiando o processo de imputação com técnicas de aprendizado de máquina,10.5753/sbbd.2018.22240,200
22241_22065.pdf,22241,Uma Estratégia Eficiente de Treinamento para Programação Genética Aplicada a Deduplicação de Registros,10.5753/sbbd.2018.22241,200
22242_22066.pdf,22242,Detecção de Anomalias Frequentes no Transporte Rodoviário Urbano,10.5753/sbbd.2018.22242,200
22243_22067.pdf,22243,Arquitetura para cocuradoria de dados de conhecimento popular integrados por meio de Linked Open Data,10.5753/sbbd.2018.22243,200
22244_22068.pdf,22244,Utilização de Redes Heterogêneas para Medir a Força dos Relacionamentos no GitHub,10.5753/sbbd.2018.22244,200
22245_22069.pdf,22245,A Distributed System for SearchOnMath Based on the Microsoft BizSpark Program,10.5753/sbbd.2018.22245,200
22246_22070.pdf,22246,Anonimização de Streaming de Dados em DOCA,10.5753/sbbd.2018.22246,200
22247_22071.pdf,22247,Um Estudo Comparativo entre Algoritmos de Proteção da Privacidade Aplicado à Bases de Dados na Área de Saúde,10.5753/sbbd.2018.22247,200
34116_33907.pdf,34116,Introduction and Organizing Committee,,200
34117_33908.pdf,34117,Introduction and Organizing Committee,,200
8803_8704.pdf,8803,TRiER: A Fast and Scalable Method for Mining Temporal Exception Rules,10.5753/sbbd.2019.8803,200
8804_8705.pdf,8804,A Multi-Strategy Approach to Overcoming Bias in Community Detection Evaluation,10.5753/sbbd.2019.8804,200
8805_8706.pdf,8805,In-class social networks and academic performance: how good connections can improve grades,10.5753/sbbd.2019.8805,200
8806_8707.pdf,8806,Uma Análise Experimental do Impacto da Seleção de Atributos em Processos de Resolução de Entidades,10.5753/sbbd.2019.8806,200
8807_8708.pdf,8807,Refinamento Colaborativo de Dados na Web baseado em Social Coding,10.5753/sbbd.2019.8807,200
8808_8709.pdf,8808,Evolution-based Refinement of Cross-language Ontology Alignments,10.5753/sbbd.2019.8808,200
8809_8710.pdf,8809,Análise Integrada de Grafos de Proveniência Heterogêneos por meio de uma Abordagem PolyStore,10.5753/sbbd.2019.8809,200
8810_8711.pdf,8810,SAVIME: A Database Management System for Simulation Data Analysis and Visualization,10.5753/sbbd.2019.8810,200
8811_8712.pdf,8811,ETERNAL: Uma estratégia eficiente de tolerância a falhas utilizando memória não volátil,10.5753/sbbd.2019.8811,200
8812_8713.pdf,8812,A DBMS-Based Framework for Content-Based Retrieval and Analysis of Skin Ulcer Images in Medical Practice,10.5753/sbbd.2019.8812,200
8813_8714.pdf,8813,A Parallel-based Map Matching Approach over Urban Place Records,10.5753/sbbd.2019.8813,200
8814_8715.pdf,8814,Towards a Technique for Extracting Relational Actors from Monolithic Applications,10.5753/sbbd.2019.8814,200
8815_8716.pdf,8815,Classificação de Estados Epilépticos em Sinais de EEG utilizando Detecção de Anomalias,10.5753/sbbd.2019.8815,200
8816_8717.pdf,8816,Artigo Visão: Processamento de Banco de Dados em Memória,10.5753/sbbd.2019.8816,200
8817_8718.pdf,8817,Explorando o uso de árvores B+ na Indexação de Dados por Similaridade,10.5753/sbbd.2019.8817,200
8818_8719.pdf,8818,Fake News and Brazilian politics – temporal investigation based on semantic annotations and graph analysis,10.5753/sbbd.2019.8818,200
8819_8720.pdf,8819,Modelo Autorregressivo de Integração Adaptativa,10.5753/sbbd.2019.8819,200
8820_8721.pdf,8820,Industrial Paper: Large-scale Record Linkage of Web-based Place Entities,10.5753/sbbd.2019.8820,200
8821_8722.pdf,8821,Short Paper: Descoberta automática de restrições de negação confiáveis,10.5753/sbbd.2019.8821,200
8822_8723.pdf,8822,Visualização dos dados abertos da Polícia Rodoviária Federal sobre acidentes nas rodovias brasileiras,10.5753/sbbd.2019.8822,200
8823_8724.pdf,8823,Conformity Analysis of GTFS Routes and Bus Trajectories,10.5753/sbbd.2019.8823,200
8824_8725.pdf,8824,Comunicação em bloco na exploração de grafos em bases RDF distribuídas,10.5753/sbbd.2019.8824,200
8825_8726.pdf,8825,Achieving Differential Privacy in Smart Home Scenarios,10.5753/sbbd.2019.8825,200
8826_8727.pdf,8826,A Science Gateway to Support Research in Spectral Graph Theory,10.5753/sbbd.2019.8826,200
8827_8728.pdf,8827,Análise de Hiperparâmetros em Aplicações de Aprendizado Profundo por meio de Dados de Proveniência,10.5753/sbbd.2019.8827,200
8828_8729.pdf,8828,Processamento Eficiente de Consultas Analíticas Estendidas com Predicado de Similaridade em Spark,10.5753/sbbd.2019.8828,200
8829_8730.pdf,8829,Data Warehouse Educacional: Uma visão sobre a Evasão no Ensino Superior,10.5753/sbbd.2019.8829,200
8830_8731.pdf,8830,Definindo e Predizendo Níveis de Saúde de Colônias de Abelhas via Clusterização e Classificação,10.5753/sbbd.2019.8830,200
8831_8732.pdf,8831,Desenvolvimento de Modelos de Armazenamento em Sensores com Reutilização de Código,10.5753/sbbd.2019.8831,200
8832_8733.pdf,8832,Um Estudo Comparativo de Mecanismos de Privacidade Diferencial sobre um Dataset de Ocorrências do ZIKV no Brasil­,10.5753/sbbd.2019.8832,200
8833_8734.pdf,8833,Uma Análise Experimental da Utilização de Diferentes Tecnologias de Armazenamento em um SGBD Relacional,10.5753/sbbd.2019.8833,200
8834_8735.pdf,8834,Unsupervised Rank Fusion for Diverse Image Metasearch,10.5753/sbbd.2019.8834,200
8835_8736.pdf,8835,Differentially Private Group-by Data Releasing Algorithm,10.5753/sbbd.2019.8835,200
8836_8737.pdf,8836,Agregação Não Supervisionada de Rankings para Redução de Cold-Start em Recuperação Multimodal de Imagens,10.5753/sbbd.2019.8836,200
8837_8738.pdf,8837,Refinamento do Conjunto Inicial de Resultados baseado em Contexto para Recuperação Interativa de Imagens,10.5753/sbbd.2019.8837,200
13620_13468.pdf,13620,Quality metrics for diversified similarity searching: What they stand for?,10.5753/sbbd.2020.13620,200
13621_13469.pdf,13621,Achieving GDPR Compliance through Provenance: An Extended Model,10.5753/sbbd.2020.13621,200
13622_13470.pdf,13622,Temporal Evolution of Complex Data,10.5753/sbbd.2020.13622,200
13623_13471.pdf,13623,Integrando Bases Autônomas Externas no Processamento de Consultas em Bases RDF Distribuídas,10.5753/sbbd.2020.13623,200
13624_13472.pdf,13624,Método para rotular Ligações Semânticas na Web de Dados,10.5753/sbbd.2020.13624,200
13625_13473.pdf,13625,A Framework for Set Similarity Join on Multi-Attribute Data,10.5753/sbbd.2020.13625,200
13626_13474.pdf,13626,Harbinger: Um framework para integração e análise de métodos de detecção de eventos em séries temporais,10.5753/sbbd.2020.13626,200
13627_13475.pdf,13627,SmarT: Uso de Aprendizado de Máquina para Filtragem e Recuperação Eficiente de Dados Espaciais e Temporais em Big Data,10.5753/sbbd.2020.13627,200
13628_13476.pdf,13628,Evaluating Database Self-Tuning Strategies in a Comon Extensible Framework,10.5753/sbbd.2020.13628,200
13629_13477.pdf,13629,Optimized Extraction of Records from the Web Using Signal Processing and Machine Learning,10.5753/sbbd.2020.13629,200
13630_13478.pdf,13630,"Characterization of Anxiety, Depression, and their Comorbidity from Texts of Social Networks",10.5753/sbbd.2020.13630,200
13631_13479.pdf,13631,Identifying and Fusing Duplicate Features for Data Mining,10.5753/sbbd.2020.13631,200
13632_13480.pdf,13632,Criteria for choosing the number of dimensions in a principal component analysis: An empirical assessment,10.5753/sbbd.2020.13632,200
13633_13481.pdf,13633,Xi-DL: um Sistema de Gerência de Data Lake para Monitoramento de Dados da Saúde,10.5753/sbbd.2020.13633,200
13634_13482.pdf,13634,Improving Search Quality with Automatic Ranking Evaluation and Tuning,10.5753/sbbd.2020.13634,200
13635_13483.pdf,13635,Um Estudo Comparativo do Uso de Abordagens de Comitês de Regressão para Imputação hot-deck,10.5753/sbbd.2020.13635,200
13636_13484.pdf,13636,Análise de Colaboração em Processos de Negócio por meio de SGBDs de Grafos e Dados de Proveniência Multimodais,10.5753/sbbd.2020.13636,200
13637_13485.pdf,13637,A Process for Inference of Columnar NoSQL Database Schemas,10.5753/sbbd.2020.13637,200
13638_13486.pdf,13638,Indexando Impressões Digitais Utilizando Índice Invertido: Uma Investigação Inicial,10.5753/sbbd.2020.13638,200
13639_13487.pdf,13639,Uma abordagem para coleta e análise de dados de configurações em redes neurais profundas,10.5753/sbbd.2020.13639,200
13640_13488.pdf,13640,Aplicação de Top-k Reverso com Privacidade sobre os Dados Públicos de COVID-19 no Estado do Ceará,10.5753/sbbd.2020.13640,200
13641_13489.pdf,13641,Computação Serverless e Gerenciamento de Dados,10.5753/sbbd.2020.13641,200
13642_13490.pdf,13642,Keyword Search over the COVID-19 Data,10.5753/sbbd.2020.13642,200
13643_13491.pdf,13643,Query co-planning for shared execution in Key-Value Stores,10.5753/sbbd.2020.13643,200
13644_13492.pdf,13644,A Novel Solution for the Aggregation Problem in Natural Language Interface to Databases (NLIDB),10.5753/sbbd.2020.13644,200
13645_13493.pdf,13645,Predição de Irregularidade Fiscal dos Contribuintes do Tributo ISS,10.5753/sbbd.2020.13645,200
13646_13494.pdf,13646,Improving the Quality of the User Experience by Query Answer Modification,10.5753/sbbd.2020.13646,200
13647_13495.pdf,13647,How can DB Systems be ready for privacy regulations,10.5753/sbbd.2020.13647,200
13648_13496.pdf,13648,Uma Proposta de Mapeamento do Modelo Conceitual Entidade-Relacionamento Estendido para o Modelo de Dados NoSQL de Grafos,10.5753/sbbd.2020.13648,200
13649_13497.pdf,13649,Publicação Diferencialmente Privada de Dados de Pacientes de COVID-19,10.5753/sbbd.2020.13649,200
13650_13498.pdf,13650,Detectando Doença de Parkinson - Uma Comparação de Modelos de Aprendizagem de Máquina com Redução de Dimensionalidade Diferencialmente Privada,10.5753/sbbd.2020.13650,200
13651_13499.pdf,13651,LGPD: A Formal Concept Analysis and its Evaluation,10.5753/sbbd.2020.13651,200
13652_13500.pdf,13652,Streaming state management methods for real-time data deduplication,10.5753/sbbd.2020.13652,200
13653_13501.pdf,13653,Semantic Search on Scientific Repositories: A Systematic Literature Review,10.5753/sbbd.2020.13653,200
13654_13502.pdf,13654,Prefácio,,200
17861_17695.pdf,17861,SAGAD: Synthetic Data Generator for Tabular Datasets,10.5753/sbbd.2021.17861,200
17862_17696.pdf,17862,SSL-VFC4.5: An approach to adapt Very Fast C4.5 classification algorithm to deal with semi-supervised learning,10.5753/sbbd.2021.17862,200
17863_17697.pdf,17863,Similarity Search and Correlation-Based Exploratory Analysis in EHRs: A Case Study with COVID-19 Databases,10.5753/sbbd.2021.17863,200
17864_17698.pdf,17864,Simulating and visualizing infection spread dynamics with temporal networks,10.5753/sbbd.2021.17864,200
17865_17699.pdf,17865,Uma Abordagem Híbrida para Predição de Gênero a partir de Textos em Português,10.5753/sbbd.2021.17865,200
17866_17700.pdf,17866,sOCRates - a post-OCR text correction method,10.5753/sbbd.2021.17866,200
17867_17701.pdf,17867,Interpreting BERT-based stance classification: a case study about the Brazilian COVID vaccination,10.5753/sbbd.2021.17867,200
17868_17702.pdf,17868,Detection of Misinformation about COVID-19 in Brazilian Portuguese WhatsApp Messages Using Deep Learning,10.5753/sbbd.2021.17868,200
17869_17703.pdf,17869,"ACERPI: An approach for ordinances collection, information extraction and entity resolution",10.5753/sbbd.2021.17869,200
17870_17704.pdf,17870,Applying Data Augmentation for Disambiguating Author Names,10.5753/sbbd.2021.17870,200
17871_17705.pdf,17871,A distributed framework to investigate the entity relatedness problem in large RDF knowledge bases,10.5753/sbbd.2021.17871,200
17872_17706.pdf,17872,SEREIA - Busca por Palavras-Chave em Document Stores,10.5753/sbbd.2021.17872,200
17873_17707.pdf,17873,Uma Abordagem de Anotação Semântica Automática Direcionada a Sistemas de Perguntas e Respostas,10.5753/sbbd.2021.17873,200
17874_17708.pdf,17874,Inferencing Relational Database Tuning Actions with OnDBTuning Ontology,10.5753/sbbd.2021.17874,200
17875_17709.pdf,17875,Textual-based DSL for Conceptual Database Modeling: A Controlled Experiment,10.5753/sbbd.2021.17875,200
17876_17710.pdf,17876,A Rule-based Conversion of an EER Schema to Neo4j Schema Constraints,10.5753/sbbd.2021.17876,200
17877_17711.pdf,17877,Stream and Historical Data Integration using SQL as Standard Language,10.5753/sbbd.2021.17877,200
17878_17712.pdf,17878,A Data Integration Architecture for Smart Cities,10.5753/sbbd.2021.17878,200
17879_17713.pdf,17879,MIDET: A Method for Indexing Traffic Events,10.5753/sbbd.2021.17879,200
17880_17714.pdf,17880,The Application of Spatial Approximations to Spatial Query Processing: A Systematic Review of Literature,10.5753/sbbd.2021.17880,200
17881_17715.pdf,17881,Algoritmos para Identificação de Dados Frios em Bancos de Dados em Memória,10.5753/sbbd.2021.17881,200
17882_17716.pdf,17882,Processamento Distribuído de Operações Hash Join em Switches Programáveis: Uma Análise via Modelo de Custo,10.5753/sbbd.2021.17882,200
17883_17717.pdf,17883,A Recommender for Choosing Data Systems based on Application Profiling and Benchmarking,10.5753/sbbd.2021.17883,200
17884_17718.pdf,17884,Análise da Influência da Modelagem e Formato de Dados no Desempenho de Data Warehouse Baseado em Hadoop-Hive,10.5753/sbbd.2021.17884,200
17885_17719.pdf,17885,Análise de métodos de tratamento de outliers para predição dos retornos de índices de ações negociados em bolsa,10.5753/sbbd.2021.17885,200
17886_17720.pdf,17886,Avaliação de Dimensões de Qualidade de Dados para o Agronegócio,10.5753/sbbd.2021.17886,200
17887_17721.pdf,17887,Em Direção a uma Abordagem para Avaliação da Saúde de Ecossistemas de Dados,10.5753/sbbd.2021.17887,200
17888_17722.pdf,17888,Evaluating the cohesion of municipalities’ discourse during the COVID-19 pandemic,10.5753/sbbd.2021.17888,200
17889_17723.pdf,17889,Evaluation of Automatic Speech Recognition Systems,10.5753/sbbd.2021.17889,200
17890_17724.pdf,17890,Forense Digital e Bancos de Dados: um Survey,10.5753/sbbd.2021.17890,200
17891_17725.pdf,17891,Generalização de Mineração de Sequências Restritas no Espaço e no Tempo,10.5753/sbbd.2021.17891,200
17892_17726.pdf,17892,HELIX: A data-driven characterization of Brazilian land snails,10.5753/sbbd.2021.17892,200
17893_17727.pdf,17893,How COVID-19 Impacted Data Science: a Topic Retrieval and Analysis from GitHub Projects’ Descriptions,10.5753/sbbd.2021.17893,200
17894_17728.pdf,17894,INTEGRACuBe: Exploração de dados analíticos em RDF,10.5753/sbbd.2021.17894,200
17895_17729.pdf,17895,Managing Sparse Spatio-Temporal Data in SAVIME: an Evaluation of the Ph-tree Index,10.5753/sbbd.2021.17895,200
17896_17730.pdf,17896,Núcleo de Fusão de Dados de um Gêmeo Digital da indústria de petróleo e gás,10.5753/sbbd.2021.17896,200
17897_17731.pdf,17897,SentiProdBR: Building Domain-Specific Sentiment Lexicons for the Portuguese Language,10.5753/sbbd.2021.17897,200
17898_17732.pdf,17898,Um algoritmo genético com função de aptidão flexível para seleção de atributos em dados educacionais,10.5753/sbbd.2021.17898,200
17899_17733.pdf,17899,Um Estudo Sobre o Uso de Abordagens de Gerência de Dados em Sistemas de Análise Visual de Dados Espaço-Temporais,10.5753/sbbd.2021.17899,200
17900_17734.pdf,17900,Uma proposta de data lake para pesquisa em saúde a partir de data pools multicêntricos interoperáveis,10.5753/sbbd.2021.17900,200
18305_18138.pdf,18305,Apresentação e Organização,,200
21791_21615.pdf,21791,A Data-Driven Model Selection Approach to Spatio-Temporal Prediction,10.5753/sbbd.2022.224638,200
21792_21616.pdf,21792,Adaptive Fast XGBoost for Binary Classification,10.5753/sbbd.2022.224291,200
21793_21617.pdf,21793,Aplicação de técnicas de mineração em dados sintéticos para manutenção preditiva: um estudo de caso,10.5753/sbbd.2022.224627,200
21794_21618.pdf,21794,Autonomic Combination and Selection of Tuning Actions,10.5753/sbbd.2022.225212,200
21795_21619.pdf,21795,CoFFee: A Co-occurrence and Frequency-Based Approach to Schema Mining,10.5753/sbbd.2022.224190,200
21796_21620.pdf,21796,Comparando os posicionamentos a favor/contra a vacinação COVID nos Estados Unidos da América e no Brasil,10.5753/sbbd.2022.224628,200
21797_21621.pdf,21797,Dados escuros à luz do controle público,10.5753/sbbd.2022.224331,200
21798_21622.pdf,21798,DedupeGov: Uma Plataforma para Integração de Grandes Volumes de Dados de Pessoas Físicas e Jurídicas em Âmbito Governamental,10.5753/sbbd.2022.224655,200
21799_21623.pdf,21799,EBRES: Efficient Buffer Replacement with Exponential Smoothing,10.5753/sbbd.2022.224643,200
21800_21624.pdf,21800,Ferramentas open-source de qualidade de dados para licitações públicas: Uma análise comparativa,10.5753/sbbd.2022.224351,200
21801_21625.pdf,21801,Handling Multi-chapter Inconsistencies in DBpedia Evolution,10.5753/sbbd.2022.224307,200
21802_21626.pdf,21802,HubISC: um novo algoritmo baseado em hubness para a classificação de fluxo de dados de imagens,10.5753/sbbd.2022.224318,200
21803_21627.pdf,21803,HURRICANE: um Serviço para Gerência de Dados de Aplicações de Cidades Inteligentes,10.5753/sbbd.2022.224324,200
21804_21628.pdf,21804,Detecção Automática de Desinformação Relacionada à Covid-19 no Brasil,10.5753/sbbd.2022.224326,200
21805_21629.pdf,21805,Justiça em Sistemas de Recomendação: Uma Análise de Técnicas de Regularização,10.5753/sbbd.2022.224352,200
21806_21630.pdf,21806,DIKW4IoT: Uma abordagem baseada na hierarquia DIKW para a construção de grafos de conhecimento para integração de dados de IoT,10.5753/sbbd.2022.224648,200
21807_21631.pdf,21807,Large-scale Translation to Enable Response Selection in Low Resource Languages: A COVID-19 Chatbot Experiment,10.5753/sbbd.2022.224329,200
21808_21632.pdf,21808,"Machine Learning Aplicado à Predição da Obrigação do Investimento em P,D&I",10.5753/sbbd.2022.224344,200
21809_21633.pdf,21809,OpenImages Cyclists: Expandindo a Generalização na Detecção de Ciclistas em Câmeras de Segurança,10.5753/sbbd.2022.224626,200
21810_21634.pdf,21810,Mineração de Processos Aplicada à Auditoria Interna na Marinha do Brasil,10.5753/sbbd.2022.224346,200
21811_21635.pdf,21811,Modelagem de Tópicos em Textos Curtos: uma Avaliação Experimental,10.5753/sbbd.2022.224314,200
21812_21636.pdf,21812,Outlier detection with ontology-driven fault contextualization in the Industry 4.0,10.5753/sbbd.2022.224309,200
21813_21637.pdf,21813,Privacidade Diferencial em Sistemas Polystore: uma Abordagem Prática,10.5753/sbbd.2022.224305,200
21814_21638.pdf,21814,Reforço e Delimitação Contextual para Reconhecimento de Entidades e Relações em Documentos Oficiais,10.5753/sbbd.2022.224650,200
21815_21639.pdf,21815,Segmentação e Classificação Semântica de Trechos de Diários Oficiais Usando Aprendizado Ativo,10.5753/sbbd.2022.224656,200
21816_21640.pdf,21816,SeAct: Semantic Adaptive Segmentation of Sensor Data Streams for Human Activity Recognition,10.5753/sbbd.2022.225042,200
21817_21641.pdf,21817,Um Método Baseado em Fingerprint de Sinais e Aprendizado de Máquina para Identificação de Estações Terrenas Interferentes,10.5753/sbbd.2022.225035,200
21818_21642.pdf,21818,Visualização Interativa da Evolução de Grafos de Conhecimento,10.5753/sbbd.2022.224301,200
21819_21643.pdf,21819,Identificando Websites de Desinformação no Brasil,10.5753/sbbd.2022.225351,200
21820_21644.pdf,21820,Técnicas de Mineração de Dados e Aprendizado de Máquina Aplicadas a Dados Ambientais de Uso e Cobertura de Solo,10.5753/sbbd.2022.225356,200
21821_21645.pdf,21821,Otimização de Dataflows em Frameworks de Big Data por meio do Reúso de Dados,10.5753/sbbd.2022.225365,200
21822_21646.pdf,21822,Dados de proveniência para redes neurais guiadas pela Física: o caso da equação eikonal,10.5753/sbbd.2022.225367,200
21823_21647.pdf,21823,ORBITER: um Arcabouço para Implantação Automática de Aplicações Big Data em Arquiteturas Serverless,10.5753/sbbd.2022.225369,200
21824_21648.pdf,21824,Adoção de SGBDs NoSQL em Empresas Brasileiras: um Levantamento Preliminar,10.5753/sbbd.2022.226015,200
21825_21649.pdf,21825,TuningChef: an approach for choosing the best cost-benefit database tuning actions,10.5753/sbbd.2022.226196,200
21826_21650.pdf,21826,A Study of Database Models for Social Network Analysis,10.5753/sbbd.2022.226197,200
21827_21651.pdf,21827,TRUMiner: Mineração de Regras Temporais em Bases de Séries Multivariadas e Heterogêneas,10.5753/sbbd.2022.226199,200
21828_21652.pdf,21828,AER-MinT - Apoio ao processo de Extração de Relações baseado em Mineração de dados Textuais,10.5753/sbbd.2022.226201,200
21829_21653.pdf,21829,Predição de Resiliência Econômica a partir de Métodos Supervisionados baseados em Grafos Dinâmicos,10.5753/sbbd.2022.226202,200
21830_21654.pdf,21830,Junções por Similaridade usando Processamento Distribuído e Paralelismo Massivo,10.5753/sbbd.2022.226212,200
21831_21655.pdf,21831,Identifying named entity from researcher curricula,10.5753/sbbd.2022.226233,200
21832_21656.pdf,21832,EduVizBR: A decision support system for Brazilian high school students' performance analysis,10.5753/sbbd.2022.224320,200
21833_21657.pdf,21833,Towards Robust Cluster-Based Hyperparameter Optimization,10.5753/sbbd.2022.224330,200
21834_21658.pdf,21834,Padronização da Descrição de Produtos Comerciais utilizando NER,10.5753/sbbd.2022.224347,200
25512_25332.pdf,25512,A New Data Modeling Approach for Alignment-free Biological Applications,10.5753/sbbd.2023.232471,200
25513_25333.pdf,25513,Database Support for Online Social Network Analysis,10.5753/sbbd.2023.232539,200
25514_25334.pdf,25514,Análise de Desempenho em Banco de Dados NoSQL Orientado a Documentos: Um Índice para Comparação de Modelos de Dados,10.5753/sbbd.2023.231721,200
25515_25335.pdf,25515,Análise e Classificação de Gêneros Musicais com Base em Letras de Músicas,10.5753/sbbd.2023.232425,200
25516_25336.pdf,25516,Approximate Similarity Joins over Dense Vector Embeddings,10.5753/sbbd.2023.232512,200
25517_25337.pdf,25517,Avaliando Fatores de Influência sobre Algoritmos de Aprendizado de Máquina na Etapa de Classificação da Resolução de Entidades,10.5753/sbbd.2023.232401,200
25518_25338.pdf,25518,Big Data Architectures for FAIR-compliant Repositories: A Systematic Review,10.5753/sbbd.2023.232494,200
25519_25339.pdf,25519,Calibração de Distância em Métodos de Acesso Métrico por meio de Realimentação de Relevância,10.5753/sbbd.2023.231731,200
25520_25340.pdf,25520,Impacto do Pré-processamento e Representação Textual na Classificação de Documentos de Licitações,10.5753/sbbd.2023.231658,200
25521_25341.pdf,25521,Improving Interoperability between Relational and Blockchain-based Database Systems: A Middleware approach,10.5753/sbbd.2023.232503,200
25522_25342.pdf,25522,Modelagem de Tópicos para a Tarefa de Recuperação de Casos Legais,10.5753/sbbd.2023.232576,200
25523_25343.pdf,25523,Predição de tempo restante para conclusão de processos de negócio utilizando aprendizado profundo,10.5753/sbbd.2023.231707,200
25524_25344.pdf,25524,Reptilerecon: Um Arcabouço para Extração e Análise de Sinais de Lagartos,10.5753/sbbd.2023.231703,200
25525_25345.pdf,25525,Spending pattern visualization using unsupervised machine learning,10.5753/sbbd.2023.231577,200
25526_25346.pdf,25526,SQL2Neo: Uma Interface de Acesso SQL para o Neo4j,10.5753/sbbd.2023.232478,200
25527_25347.pdf,25527,Aplicação de Técnicas de Confident Learning para Limpeza de Dados e Melhoria de Desempenho de Classificadores de Aprendizado de Máquina: um Estudo de Caso,10.5753/sbbd.2023.232175,200
25528_25348.pdf,25528,Database Access Control in a Database Keyword Search Tool,10.5753/sbbd.2023.232053,200
25529_25349.pdf,25529,Epiflow: a hybrid approach to track infectious disease spread in Brazil based on travel data and graph databases,10.5753/sbbd.2023.231736,200
25530_25350.pdf,25530,Fault Detection in Transmission Lines: a Denial Constraint Approach,10.5753/sbbd.2023.231718,200
25531_25351.pdf,25531,From Exploration to Exploitation: Understanding the Evolution of Music Careers through a Data-driven Approach,10.5753/sbbd.2023.232399,200
25532_25352.pdf,25532,MAESTRO: Uma Abordagem para a Composição e Análise de Workflows Baseados em Scripts por Meio de Ontologias,10.5753/sbbd.2023.232456,200
25533_25353.pdf,25533,PromptNER: Uma Abordagem para Reconhecimento de Entidades Nomeadas em Dados Sensíveis a Partir de Instâncias Rotuladas Automaticamente,10.5753/sbbd.2023.232532,200
25534_25354.pdf,25534,Replicação descentralizada em bancos de dados distribuídos usando o algoritmo Paxos,10.5753/sbbd.2023.231682,200
25535_25355.pdf,25535,Um Estudo Sobre Métricas de Avaliação para Sumarização de Acórdãos,10.5753/sbbd.2023.232000,200
25536_25356.pdf,25536,Uso de regressores para a geração de conhecimento na avaliação do ensaio de tração ambiente,10.5753/sbbd.2023.231741,200
25537_25357.pdf,25537,Subset Modelling: A Domain Partitioning Strategy for Data-efficient Machine-Learning,10.5753/sbbd.2023.232829,200
25538_25358.pdf,25538,A Novel Graph-based Diversity-aware Rank Fusion Method Applied to Image Metasearch,10.5753/sbbd.2023.233400,200
25539_25359.pdf,25539,Análise do Discurso de Ódio em Comentários de Vídeos no YouTube: Um Estudo de Caso da CPI da COVID-19 no Brasil,10.5753/sbbd.2023.233466,200
25540_25360.pdf,25540,Ativismo da extrema direita brasileira no WhatsApp: O que mudou das eleições de 2018 para 2022?,10.5753/sbbd.2023.233399,200
25541_25361.pdf,25541,Avaliação Experimental de Detectores de Erros em Conjuntos de Dados Relacionais,10.5753/sbbd.2023.233429,200
25542_25362.pdf,25542,Avaliando o Processo de Seleção de Características na Tarefa de Junção de Similaridade,10.5753/sbbd.2023.233336,200
25543_25363.pdf,25543,Construção de Banco de Dados do Mercado Imobiliário. Um estudo na Cidade de São Paulo,10.5753/sbbd.2023.232519,200
25544_25364.pdf,25544,Context-Aware Knowledge Graphs Exploratory Search,10.5753/sbbd.2023.233377,200
25545_25365.pdf,25545,Linking Heterogeneous Health Data Sources in Brazil Centered on Drug Leaflet Processing,10.5753/sbbd.2023.233356,200
25546_25366.pdf,25546,Métodos de Detecção de Fake News: Uma Comparação entre as Abordagens de Crowd Signals e Ensembles,10.5753/sbbd.2023.233398,200
25547_25367.pdf,25547,Mineração de Dados sobre Despesas Públicas de Municípios Mineiros para Gerar Alertas de Fraudes,10.5753/sbbd.2023.232788,200
25548_25368.pdf,25548,Planos físicos de consulta para Divisão Relacional,10.5753/sbbd.2023.233409,200
25549_25369.pdf,25549,Projeção Eficiente de Violações de Restrições de Negação,10.5753/sbbd.2023.233388,200
25550_25370.pdf,25550,Quantile Symbolic Aggregate approXimation: A guaranteed equiprobable SAX,10.5753/sbbd.2023.232421,200
25551_25371.pdf,25551,Similarity Grouping by Influence: Exploring Result Diversification in Similarity Group-by Operators,10.5753/sbbd.2023.233430,200
25552_25372.pdf,25552,Uma Metodologia para Tratamento do Viés da Maioria em Modelos de Stacking via Identificação de Documentos Difíceis,10.5753/sbbd.2023.233366,200
25553_25373.pdf,25553,Vetor de sufixos métrico compacto,10.5753/sbbd.2023.233440,200
25554_25374.pdf,25554,Impacto de Doações Eleitorais no Faturamento de Empresas: Um Estudo nas Eleições Municipais em Minas Gerais,10.5753/sbbd.2023.233278,200
25555_25375.pdf,25555,DRE-CVM: Explorando Dados Financeiros Enriquecidos com Proveniência e Princípios FAIR de Companhias Brasileiras de Capital Aberto,10.5753/sbbd.2023.232527,200
25556_25376.pdf,25556,Ensino de Engenharia de Dados nas Universidades Brasileiras: Estado Atual e Perspectivas de Mercado,10.5753/sbbd.2023.232464,200
25557_25377.pdf,25557,Identificação de Falhas em Turbinas Eólicas Utilizando Abordagens de Aprendizado de Máquina,10.5753/sbbd.2023.232700,200
25558_25378.pdf,25558,Integrador de metadados modular para aprendizado de máquina com visualização em tempo de execução,10.5753/sbbd.2023.233424,200
25559_25379.pdf,25559,Um caso de Democratização de Dados na Indústria de Óleo e Gás,10.5753/sbbd.2023.232985,200
25560_25380.pdf,25560,Uso de Grafos de Proveniência para Análise Temporal de Uso do Solo em Centros Urbanos: uma Abordagem Prática,10.5753/sbbd.2023.233061,200
25562_25381.pdf,25562,Apresentação e Organização,,200
30677_30480.pdf,30677,Apresentação e Organização,,200
30678_30481.pdf,30678,A Data Design Pattern for Building and Exploring Semantic Views of Enterprise Knowledge Graphs,10.5753/sbbd.2024.241024,200
30679_30482.pdf,30679,Adicionando suporte à diversificação de resultados em índices HNSW considerando espaços de baixa e alta dimensionalidade,10.5753/sbbd.2024.240618,200
30680_30483.pdf,30680,AkôFlow: um Middleware para Execução de Workflows Científicos em Múltiplos Ambientes Conteinerizados,10.5753/sbbd.2024.241126,200
30681_30484.pdf,30681,An Empirical Analysis of Data Drift Detection Techniques in Machine Learning Systems,10.5753/sbbd.2024.240606,200
30682_30485.pdf,30682,Análise da Robustez de Algoritmos de Aprendizado de Máquina em Dados do Transtorno do Espectro Autista,10.5753/sbbd.2024.240567,200
30683_30486.pdf,30683,Análise de Desempenho em Banco de Dados Temporais Aplicado no Cenário de Dados de Potência Elétrica,10.5753/sbbd.2024.240532,200
30684_30487.pdf,30684,Análise dos Fatores Socioambientais e Comportamentais na Identificação do Transtorno Obsessivo Compulsivo: Uma Abordagem com Dados da Pesquisa Nacional de Saúde 2019,10.5753/sbbd.2024.241105,200
30685_30488.pdf,30685,Análise e Publicação de Dados de Processos Eletrônicos em Organizações Públicas,10.5753/sbbd.2024.240561,200
30686_30489.pdf,30686,Busca360: A Search Application in the Context of Top-Side Asset Integrity Management in the Oil & Gas Industry,10.5753/sbbd.2024.240793,200
30687_30490.pdf,30687,Can a simple customer review outperform a feature set for predicting churn?,10.5753/sbbd.2024.240217,200
30688_30491.pdf,30688,CL-raster: Uma Nova Abordagem para Compactação e Processamento de Séries de Dados Raster,10.5753/sbbd.2024.240879,200
30689_30492.pdf,30689,Combinando Redes Neurais Convolucionais e Distribuição Smoothed Pseudo Wigner Ville na Classificação de Sinais Radar de Baixa Probabilidade de Interceptação,10.5753/sbbd.2024.240789,200
30690_30493.pdf,30690,"Contrato360: uma aplicação de perguntas e respostas usando modelos de linguagem, documentos e bancos de dados",10.5753/sbbd.2024.240871,200
30691_30494.pdf,30691,Data-Centric AI for predicting non-contact injuries in professional soccer players,10.5753/sbbd.2024.240518,200
30692_30495.pdf,30692,DepreBERTBR: Um Modelo de Linguagem Pré-treinado para o Domínio da Depressão no Idioma Português Brasileiro,10.5753/sbbd.2024.240807,200
30693_30496.pdf,30693,Desempenho de operações distribuídas de agrupamento por similaridade em dados de alta dimensionalidade por meio da VP-Tree,10.5753/sbbd.2024.240864,200
30694_30497.pdf,30694,Detecting Fraud in Public Procurement: A GMM-Based Approach to Analyzing Tender Data,10.5753/sbbd.2024.240649,200
30695_30498.pdf,30695,Enriquecimento de Dados com Base em Estatísticas de Grafo de Similaridade para Melhorar o Desempenho em Modelos de ML Supervisionados de Classificação,10.5753/sbbd.2024.240196,200
30696_30499.pdf,30696,"Enumeration, Tagged Unions, Tuples, and Collections: A Novel Approach to Extracting JSON Schema",10.5753/sbbd.2024.240239,200
30697_30500.pdf,30697,Evaluating Domain-adapted Language Models for Governmental Text Classification Tasks in Portuguese,10.5753/sbbd.2024.240508,200
30698_30501.pdf,30698,Evolução Incremental de Esquemas de Banco de Dados Orientado a Documentos,10.5753/sbbd.2024.240265,200
30699_30502.pdf,30699,From Text to Locations: Repurposing Language Models for Spatial Trajectory Similarity Assessment,10.5753/sbbd.2024.240212,200
30700_30503.pdf,30700,How effective is an LLM-based Data Analysis Automation Tool? A Case Study with ChatGPT's Data Analyst,10.5753/sbbd.2024.240841,200
30701_30504.pdf,30701,Humanizing Answers for Compatibility Questions in E-commerce using Large Language Models,10.5753/sbbd.2024.240657,200
30702_30505.pdf,30702,Identificação e Caracterização de Reclamações Duplicadas por Consumidores em Múltiplas Plataformas,10.5753/sbbd.2024.240210,200
30703_30506.pdf,30703,Identifying Technological Trends: A Patent Analysis Method for Technology Forecasting,10.5753/sbbd.2024.240268,200
30704_30507.pdf,30704,Incorporando os Requisitos e as Restrições da LGPD ao Projeto de Banco de Dados,10.5753/sbbd.2024.240791,200
30705_30508.pdf,30705,Leveraging Geographic Feature Embeddings for Enhanced Location-Based Recommendation Systems,10.5753/sbbd.2024.240809,200
30706_30509.pdf,30706,Locally Differentially Private and Consistent Frequency Estimation of Longitudinal Data,10.5753/sbbd.2024.240837,200
30707_30510.pdf,30707,Métricas para Análise de Esquemas em Banco de Dados NoSQL Orientado a Documentos,10.5753/sbbd.2024.240646,200
30708_30511.pdf,30708,Multidimensional Analysis of the Influence of Socioeconomic and Political Indicators on the Spread of COVID-19: A Case Study of Brazilian Cities (2020-2024),10.5753/sbbd.2024.240824,200
30709_30512.pdf,30709,Optimizing Botanical Data Integrity: A Comparative Study of Text Similarity Methods,10.5753/sbbd.2024.240254,200
30710_30513.pdf,30710,Otimização de Parâmetros em Aplicações de Big Data Baseadas em Múltiplos Frameworks,10.5753/sbbd.2024.240405,200
30711_30514.pdf,30711,Performance Variability of Machine Learning Models using Limited Data for Collusion Detection: A Case Study of the Brazilian Car Wash Operation,10.5753/sbbd.2024.240845,200
30712_30515.pdf,30712,Privacidade Diferencial em Gradient Boosting Decision Trees com Técnicas de Particionamento para Dados Categóricos,10.5753/sbbd.2024.240842,200
30713_30516.pdf,30713,Scientific Workflow Deployment: Container Provenance in High-Performance Computing,10.5753/sbbd.2024.240194,200
30714_30517.pdf,30714,SIDEAS - Detectando a Similaridade Semântica de Discursos,10.5753/sbbd.2024.240261,200
30715_30518.pdf,30715,Speech Recognition Models in Assisting Medical History,10.5753/sbbd.2024.240270,200
30716_30519.pdf,30716,Statistical Validation of Column Matching in the Database Schema Evolution of the Brazilian Public School Census,10.5753/sbbd.2024.240840,200
30717_30520.pdf,30717,Um Estudo sobre o uso de Modelos de Linguagem Abertos na Tarefa de Recomendação de Próximo Item,10.5753/sbbd.2024.240865,200
30718_30521.pdf,30718,Um Método Centrado em Dados para Melhorar a Segurança de Transportes Coletivos Municipais,10.5753/sbbd.2024.240889,200
30719_30522.pdf,30719,Uma Heurística para a Execução de Workflows com Restrições de Confidencialidade em Ambientes Conteinerizados,10.5753/sbbd.2024.240418,200
30720_30523.pdf,30720,Unveiling the Segmentation Power of LLMs: Zero-Shot Invoice Item Description Analysis,10.5753/sbbd.2024.240820,200
30721_30524.pdf,30721,Classificação da Dívida Ativa do Estado de Sergipe,10.5753/sbbd.2024.240204,200
30722_30525.pdf,30722,MASTERMobilityDB: A Persistence and Manipulation Layer for Trajectories of Multiple Aspects,10.5753/sbbd.2024.240245,200
30723_30526.pdf,30723,Towards an Ontology for User Activities on Smart Environments,10.5753/sbbd.2024.241224,200
30724_30527.pdf,30724,Can we trust LLMs as relevance judges?,10.5753/sbbd.2024.243130,200
30725_30528.pdf,30725,"Na batida do funk: modelagem de tópicos combinando LLM, Engenharia de Prompt e BERTopic",10.5753/sbbd.2024.243148,200
30726_30529.pdf,30726,Composition of Heterogeneous Node Embeddings - Unlocking the Power of Heterogeneous Graph Representation,10.5753/sbbd.2024.243436,200
30727_30530.pdf,30727,Predicting the Next Transaction on Anonymized Payment Datasets with Deep Learning Models,10.5753/sbbd.2024.243511,200
30728_30531.pdf,30728,A Two-tiered Approach for Knowledge Reasoning,10.5753/sbbd.2024.243649,200
30729_30532.pdf,30729,An Approach to Construct a Metadata Graph for Specifying Enterprise Knowledge Graphs,10.5753/sbbd.2024.243662,200
30730_30533.pdf,30730,Analyzing Query Execution for Integrity Constraint Violation Detection,10.5753/sbbd.2024.242785,200
30731_30534.pdf,30731,Aplicação de Técnicas de Aprendizado de Máquina na Determinação de Estoque de Carbono no Solo,10.5753/sbbd.2024.243218,200
30732_30535.pdf,30732,Aprimoramento de modelos para detecção de conluios em licitações públicas brasileiras com variáveis estatísticas e modelos explicáveis,10.5753/sbbd.2024.243170,200
30733_30536.pdf,30733,Avaliação de diferentes técnicas de agrupamento no contexto da Imputação em Cascata,10.5753/sbbd.2024.242401,200
30734_30537.pdf,30734,Avaliação de Técnicas de Balanceamento de Dados na Detecção de Fraude em Transações Online de Cartão de Crédito,10.5753/sbbd.2024.243462,200
30735_30538.pdf,30735,Combining Semantic Graph Features and a Common Data Model to Exploit the Interoperability of Patient Databases,10.5753/sbbd.2024.243153,200
30736_30539.pdf,30736,Cutoff Frequency Adjustment for FFT-Based Anomaly Detectors,10.5753/sbbd.2024.243319,200
30737_30540.pdf,30737,Data Analytics for a Changing Climate: Feature Engineering for the forecast of hydrometeorological events,10.5753/sbbd.2024.240251,200
30738_30541.pdf,30738,Data Lakehouses para a análise de dados geoespaciais em larga escala,10.5753/sbbd.2024.243648,200
30739_30542.pdf,30739,Detecting Misinformation on Telegram Anti-vaccine Communities,10.5753/sbbd.2024.243188,200
30740_30543.pdf,30740,Dual-Metric Clustering for Multivariate Time Series: KMeans with DTW and QuadTree with Entropy,10.5753/sbbd.2024.243131,200
30741_30544.pdf,30741,Evaluation of Fairness in Machine Learning Models using the UCI Adult Dataset,10.5753/sbbd.2024.243650,200
30742_30545.pdf,30742,Handling missing values in data streams: An overview,10.5753/sbbd.2024.243102,200
30743_30546.pdf,30743,HD Pump: A Hybrid Detection Approach for Pump-and-Dump Schemes in Cryptocurrency Exchanges,10.5753/sbbd.2024.243293,200
30744_30547.pdf,30744,Health Levels Modeling for SSD Failure Prediction,10.5753/sbbd.2024.243219,200
30745_30548.pdf,30745,Identification of Participants of Narratives Using Knowledge Bases,10.5753/sbbd.2024.243103,200
30746_30549.pdf,30746,Impacto da COVID-19 na Formação de Estudantes de Pós-Graduação no Brasil: Uma Análise a Partir de Dados da Plataforma Lattes do CNPq,10.5753/sbbd.2024.243154,200
30747_30550.pdf,30747,Matching Detections to Events in Time Series,10.5753/sbbd.2024.243275,200
30748_30551.pdf,30748,Measuring Similarity between Groups of Trajectory Data with Multiple Aspects,10.5753/sbbd.2024.242016,200
30749_30552.pdf,30749,Using Retrieval-Augmented Generation to improve Performance of Large Language Models on the Brazilian University Admission Exam,10.5753/sbbd.2024.243137,200
30750_30553.pdf,30750,PREAnoTe: Uma abordagem de anotação de corpus para o ajuste fino de Large Language Model pré-treinado,10.5753/sbbd.2024.242494,200
30751_30554.pdf,30751,The Inefficiency of Achieving Fairness with Protected Attribute Suppression,10.5753/sbbd.2024.243146,200
30752_30555.pdf,30752,A Decision-support Service for Firefighting in Environments of Dry Tropical Forest,10.5753/sbbd.2024.243628,200
30753_30556.pdf,30753,"Avaliação de Desvios de Conceitos Reais e Virtuais nos Atrasos de Voos em São Paulo nos Períodos Pré, Intra e Pós-Pandemia",10.5753/sbbd.2024.243111,200
30754_30557.pdf,30754,Diferenciando Perfis de Corredores por Meio de Pontos de Mudança nos Treinos,10.5753/sbbd.2024.243205,200
30755_30558.pdf,30755,Gerenciamento de Migração de Dados: Um Workflow Eficiente para Empresas,10.5753/sbbd.2024.240760,200
30756_30559.pdf,30756,Methodology to build labeled corpora and classification models to assess technological readiness: a case study with defense technologies described by texts in pt-br,10.5753/sbbd.2024.240545,200
30757_30560.pdf,30757,Previsão de Sucesso de Atletas Jovens de Futebol usando Integração de diferentes Base de Dados,10.5753/sbbd.2024.243187,200
30758_30561.pdf,30758,Projeto SARA: Sistema Automatizado de Resposta a Recursos dos Pedidos de Acesso à Informação,10.5753/sbbd.2024.242899,200
30759_30562.pdf,30759,Seleção de Atributos para Predição de Tempo de Manutenção em Vagões Ferroviários: Uma Análise com Métodos de Filtro,10.5753/sbbd.2024.243228,200
30760_30563.pdf,30760,Uma Proposta baseada no Dublin Core para Catalogação de Metadados de Fontes de Dados Governamentais,10.5753/sbbd.2024.243162,200
30761_30564.pdf,30761,Justiça em Modelos de Apoio a Processos de Tomada de Decisão com Uso de Aprendizado Federado,10.5753/sbbd.2024.243139,200
37224_37007.pdf,37224,Aprendizado Federado Incremental e Sensível ao Risco para Modelos de Ranqueamento em Cenários com Distribuições Heterogêneas de Dados,10.5753/sbbd.2025.246990,200
37225_37008.pdf,37225,Explorando uma Nova Métrica para Calcular a Precisão Acurada de Resultados de Blocagem em Tarefas de Resolução de Entidades,10.5753/sbbd.2025.246994,200
37226_37009.pdf,37226,Enhancing ML Explainability with Multi-Agent LLMs: A Context-Aware XAI Approach,10.5753/sbbd.2025.246998,200
37227_37010.pdf,37227,Uma Arquitetura para Big Data Geoespacial de Dispositivos IoT com Níveis Heterogêneos de Mobilidade,10.5753/sbbd.2025.246999,200
37228_37011.pdf,37228,Dataflow Analysis of Serverless Scientific Applications using Provenance Data,10.5753/sbbd.2025.247000,200
37229_37012.pdf,37229,Uso de Shadow Pipelines para Garantir a Adequação de Pipelines ETL à LGPD,10.5753/sbbd.2025.247001,200
37230_37013.pdf,37230,Detecting Anomalous Vessel Trajectories: A Collaborative Clustering-Based Approach,10.5753/sbbd.2025.247003,200
37231_37014.pdf,37231,Exploiting Surrogate Submodular and Cost-Effective Lazy Forward Algorithms for Calibrated Recommendations,10.5753/sbbd.2025.247026,200
37232_37015.pdf,37232,Analysis of online and offline classification algorithms for human activity recognition using IMU sensors,10.5753/sbbd.2025.247033,200
37233_37016.pdf,37233,Heuristic-Guided Text-to-SQL Translation with LLMs: Optimizing Natural Language Interfaces for Relational Databases,10.5753/sbbd.2025.247037,200
37234_37017.pdf,37234,Leis de Escala para Text-to-SQL: Um Estudo sobre a Relação entre Tamanho e Desempenho de Modelos de Linguagem,10.5753/sbbd.2025.247042,200
37235_37018.pdf,37235,Desigualdades Educacionais no Brasil: Uma Análise por Clusterização de Indicadores Educacionais e de Desempenho Escolar,10.5753/sbbd.2025.247053,200
37236_37019.pdf,37236,Mineração de Dados para Caracterizar Indivíduos Hipertensos com Doenças Cardiovasculares no Brasil,10.5753/sbbd.2025.247058,200
37237_37020.pdf,37237,Governança de Dados em Sistemas-de-Sistemas: Uma Abordagem Orientada à Dados de Proveniência,10.5753/sbbd.2025.247059,200
37238_37021.pdf,37238,Leveraging Large Language Models for Time Series Prediction on Low-Frequency Data,10.5753/sbbd.2025.247062,200
37239_37022.pdf,37239,Fine-Tuning Detection Criteria for Enhancing Anomaly Detection in Time Series,10.5753/sbbd.2025.247063,200
37240_37023.pdf,37240,Redução da Subjetividade na Identificação da Variação do Nível de Valores de Ativos Financeiros,10.5753/sbbd.2025.247066,200
37241_37024.pdf,37241,Efficient Reuse of Metric Indexes for Multi-resolution Queries,10.5753/sbbd.2025.247069,200
37242_37025.pdf,37242,Aprimorando Geração Aumentada por Recuperação via Ajuste Fino Sequencial de Modelos de Linguagem Pequenos,10.5753/sbbd.2025.247070,200
37243_37026.pdf,37243,Muitas Classes Desbalanceadas? Não Classifique - Ranqueie! Uma Abordagem Baseada em Retrieval-Augmented Generation (RAG)-labels para Classificação Textual Multi-classe,10.5753/sbbd.2025.247073,200
37244_37027.pdf,37244,Agente Autônomo Guiado por LLM para Extração de Notícias,10.5753/sbbd.2025.247075,200
37245_37028.pdf,37245,Nova Base de Dados Brasileira para Sistemas de Recomendação de Artigos Científicos,10.5753/sbbd.2025.247079,200
37246_37029.pdf,37246,Repositório de Dados para Ciência Aberta na Região Amazônica,10.5753/sbbd.2025.247088,200
37247_37030.pdf,37247,KV-RAPTOR: Scalable Tree-Structured Retrieval with KV Cache Compression for Question-Answering Systems,10.5753/sbbd.2025.247245,200
37248_37031.pdf,37248,OndePublicar.com: A Collaborative Web Platform about Academic Events and Journals Accepting Paper Submissions,10.5753/sbbd.2025.247247,200
37249_37032.pdf,37249,eTRUMiner: Mining Multivariate Temporal Rules from Heterogeneous and Incomplete Time Series,10.5753/sbbd.2025.247250,200
37250_37033.pdf,37250,Unveiling Power on Combining Prompt Engineering Techniques: An Experimental Evaluation on Code Generation,10.5753/sbbd.2025.247251,200
37251_37034.pdf,37251,Tudo em Todo Lugar ao Mesmo Tempo: Rastreabilidade de Dados em Cidades Inteligentes por meio de Proveniência,10.5753/sbbd.2025.247252,200
37252_37035.pdf,37252,Intervening in problematic data regions to improve machine learning models,10.5753/sbbd.2025.247255,200
37253_37036.pdf,37253,Effectiveness of Small and Large Language Models for PL/SQL Bad Smell Detection,10.5753/sbbd.2025.247256,200
37254_37037.pdf,37254,Mitigando Impactos de Distribuições Não-IID em Aprendizagem Federada para Sistemas de Recomendação,10.5753/sbbd.2025.247258,200
37255_37038.pdf,37255,TWIX: Balancing Fairness and Utility in Item Exposure for Recommendation Systems,10.5753/sbbd.2025.247259,200
37256_37039.pdf,37256,Abordagem de migração de bases relacionais para bases orientadas a documentos apoiada por LLM,10.5753/sbbd.2025.247262,200
37257_37040.pdf,37257,Advanced Chunking Techniques: a Novel Approach for Semantic Splitters,10.5753/sbbd.2025.247263,200
37258_37041.pdf,37258,Equitable Diabetes Diagnosis: Tackling Ethnic and Gender Disparities,10.5753/sbbd.2025.247265,200
37259_37042.pdf,37259,Language Models are not a Panacea: Combining them with Domain Knowledge and Efficient Indexes for Entity Linking,10.5753/sbbd.2025.247273,200
37260_37043.pdf,37260,"Domínio Delimitado, Ódio Exposto: O Uso de Prompts para Identificação de Discurso de Ódio Online com LLMs",10.5753/sbbd.2025.247279,200
37261_37044.pdf,37261,Estudo Comparativo de Banco de Dados NoSQL para Gerenciamento de Séries Espaço-Temporais,10.5753/sbbd.2025.247280,200
37262_37045.pdf,37262,Data Dependent Itemset Mining Under Local Differential Privacy,10.5753/sbbd.2025.247281,200
37263_37046.pdf,37263,Uma Avaliação Comparativa entre o DepreBERTBR e Modelos de Linguagem para Classificação de Textos Depressivos,10.5753/sbbd.2025.247283,200
37264_37047.pdf,37264,Particionamento Dinâmico Espaço-Temporal para Séries de Dados Matriciais,10.5753/sbbd.2025.247284,200
37265_37048.pdf,37265,Dinâmicas de Grupos de WhatsApp da Extrema Direita no Brasil: Uma Análise Comparativa Pré e Pós-Eleição de 2022,10.5753/sbbd.2025.247285,200
37266_37049.pdf,37266,Twinscie-Prov: Gerenciando a Proveniência sobre o Ciclo-de-vida de ML no Sistema Twinscie,10.5753/sbbd.2025.247286,200
37267_37050.pdf,37267,QualiBus: implementando métricas de qualidade para dados de transporte coletivo,10.5753/sbbd.2025.247287,200
37268_37051.pdf,37268,Scalable privacy-preserving record linkage: Evaluating MultiBit tree indexing in Atyimo,10.5753/sbbd.2025.247288,200
37269_37052.pdf,37269,Algoritmo Paralelo Eficiente para Ordenação Chave-Valor,10.5753/sbbd.2025.247290,200
37270_37053.pdf,37270,Uma Abordagem para a Gestão da Linhagem de Dados Heterogêneos,10.5753/sbbd.2025.247293,200
37271_37054.pdf,37271,Training-Free Hybrid Evidence Retrieval for Question Answering: Dynamic Fusion of Knowledge-Graph Triples and Dense Text Embeddings,10.5753/sbbd.2025.247297,200
37272_37055.pdf,37272,Database Modeling Automation from Natural Language Requirements,10.5753/sbbd.2025.247302,200
37273_37056.pdf,37273,Análise de Sentimentos em Avaliações de Livros Utilizando a API Gemini para Recomendação Personalizada,10.5753/sbbd.2025.247308,200
37274_37057.pdf,37274,Criando Portfólios de Alto Desempenho: Otimização de Portfólios de Ativos de Alta Volatilidade Através da Previsão de Retorno Baseada em CNN+BiLSTM,10.5753/sbbd.2025.247441,200
37275_37058.pdf,37275,Data-level sampling for dealing with imbalanced datasets: better protection against membership inference attacks,10.5753/sbbd.2025.247478,200
37276_37059.pdf,37276,"Subnational Foreign Trade Data in Latin America: Diagnostic, Challenges, and Technical Pathways",10.5753/sbbd.2025.247491,200
37277_37060.pdf,37277,Preliminary Ranking-Based Selection for Optimized Retriever Configuration in RAG Systems,10.5753/sbbd.2025.247492,200
37278_37061.pdf,37278,Enhancing Text-to-SQL with In-Context Learning: A Multi-Agent Approach Based on CHESS,10.5753/sbbd.2025.247172,200
37279_37062.pdf,37279,Aplicação do Modelo ARIMA no Vertica para Previsão da Velocidade do Vento,10.5753/sbbd.2025.247487,200
37280_37063.pdf,37280,RPAs e Data Lakes para a Indústria 4.0: Um Estudo de Caso de Ecossistema de Dados Integrados,10.5753/sbbd.2025.247499,200
37281_37064.pdf,37281,How Culture Shapes Customers: A Cross-Continent Analysis of Apps Reviews Using NLP Techniques,10.5753/sbbd.2025.247502,200
37282_37065.pdf,37282,Análise Teórica do Impacto de Dados Faltantes em Atributos Sensíveis sobre a Métrica de Fairness p%-rule,10.5753/sbbd.2025.247565,200
37283_37066.pdf,37283,"Arquitetura Agnóstica para Transcrição, Armazenamento e Análise de Áudios Operacionais no Setor Elétrico Utilizando Serviços de Nuvem e Elasticsearch",10.5753/sbbd.2025.247623,200
37284_37067.pdf,37284,Assessing the impact of missing value mechanisms on anomaly detection in healthcare wearable data,10.5753/sbbd.2025.247702,200
37285_37068.pdf,37285,Quando os Erros Informam: Apoio ao Diagnóstico de Diabetes em Cenários de Alta Incerteza,10.5753/sbbd.2025.247707,200
37286_37069.pdf,37286,Drift Detection for Identifying Training Patterns Prior to Performance Improvement in Runners,10.5753/sbbd.2025.247710,200
37287_37070.pdf,37287,Collaborative Classification for Object Labeling on Expansible Datasets,10.5753/sbbd.2025.247712,200
37288_37071.pdf,37288,Avaliando as Limitações e Potenciais do Algoritmo k-Vizinhos Mais Próximos (kNN) na Imputação de Dados Clínicos,10.5753/sbbd.2025.247716,200
37289_37072.pdf,37289,Representação Probabilística de Trajetórias Veiculares como Entrada para Redes Neurais Artificiais,10.5753/sbbd.2025.247718,200
37290_37073.pdf,37290,Metadata Management in Data Mesh: Toward Federated Discovery and Governance,10.5753/sbbd.2025.247722,200
37291_37074.pdf,37291,Data Augmentation for Medical Image Segmentation: A Comparative Analysis of Traditional Techniques and Synthetic Data Generation,10.5753/sbbd.2025.247731,200
37292_37075.pdf,37292,Estudo do Impacto de Dados Sintéticos e Paráfrases na Mitigação do Desbalanceamento em Tarefas de Classificação de Textos em Português com Baixa Amostragem,10.5753/sbbd.2025.247749,200
37293_37076.pdf,37293,ARANI: Uma Abordagem Baseada em Linha de Experimento para Preservação de Privacidade em Data Lakes,10.5753/sbbd.2025.247756,200
37294_37077.pdf,37294,Quantifying the RAG Advantage: A Multi-Metric Benchmark for LLM-based Code Generation,10.5753/sbbd.2025.247760,200
37295_37078.pdf,37295,Towards Enabling the Analysis of Visual Exploration Processes through Interaction Provenance,10.5753/sbbd.2025.247765,200
37296_37079.pdf,37296,A Data Augmentation and Validation Pipeline for Improving Emotion Classification in Mobile App Reviews,10.5753/sbbd.2025.247774,200
37297_37080.pdf,37297,DiveScan: um módulo para Recuperação de dados por Similaridade com Diversidade em Postgres,10.5753/sbbd.2025.247779,200
37298_37081.pdf,37298,Subdomain Identification Strategies for Efficient Machine Learning Models,10.5753/sbbd.2025.247781,200
37299_37082.pdf,37299,UniChat: Arquitetura e Avaliação de um Agente RAG de Baixo Custo para o Contexto Universitário,10.5753/sbbd.2025.247790,200
37300_37083.pdf,37300,Large Language Models para detecção de conluios em licitações,10.5753/sbbd.2025.247791,200
37301_37084.pdf,37301,Adaptando Indicadores para Avaliação da Saúde de Projetos de Infraestrutura Científica: Uma Aplicação de Business Intelligence nas Linhas de Luz do Sirius,10.5753/sbbd.2025.247797,200
37302_37085.pdf,37302,PANDORA: Sistema Estatístico para Previsão de Eventos Climáticos Extremos,10.5753/sbbd.2025.247799,200
37303_37086.pdf,37303,Utilização do Apache Superset para Visualização Escalável de Dados Educacionais Públicos: Um Estudo de Caso com o Censo Escola,10.5753/sbbd.2025.247800,200
37304_37087.pdf,37304,Um Estudo Comparativo de Estratégias de Seleção de Exemplos para In-Context Learning aplicado à Classificação Automática de Texto com Grandes Modelos de Linguagem,10.5753/sbbd.2025.247808,200
37305_37088.pdf,37305,Pondere e Expanda: Impacto e Limitações de Representações Contextual-Esparsas na Modelagem de Tópicos,10.5753/sbbd.2025.247809,200
37306_37089.pdf,37306,Extração Automática de Atributos de Sinais de Emissão Acústica com Redes Neurais Autocodificadoras para Predição de Integridade em Tubulações,10.5753/sbbd.2025.247810,200
37307_37090.pdf,37307,A Comparative Analysis of Denoising Methods for Deep Learning-Based Audio Event Detection in Noisy Agricultural Environments,10.5753/sbbd.2025.247812,200
37308_37091.pdf,37308,Estendendo Consultas Contínuas por Abrangência aos Dados Métricos,10.5753/sbbd.2025.247823,200
37309_37092.pdf,37309,Entity Matching com Large Language Models: estudo comparativo com abordagem de Entity Blocking,10.5753/sbbd.2025.247828,200
37310_37093.pdf,37310,Exploring Temporal Text-to-SQL Challenges in Brazilian Portuguese: Lessons from Educational Data,10.5753/sbbd.2025.247836,200
37311_37094.pdf,37311,Pipeline Distribuído para Análise Espacial em Larga Escala: Avaliação da Regra 3 do Índice 3-30-300 em Fortaleza com Apache Spark e Sedona,10.5753/sbbd.2025.247837,200
37312_37095.pdf,37312,Addressing Database-Related Issues in Digital Social Network Data Analysis,10.5753/sbbd.2025.247844,200
37313_37096.pdf,37313,Deep Learning for Urban Flood Prediction: An LSTM Model Integrating Satellite Reanalysis and Historical Weather Data in Curitiba,10.5753/sbbd.2025.247630,200
37316_37098.pdf,37316,Apresentação e Organização,,200
